{
    "roc_auc": 0.9692444242015491,
    "accuracy": 0.9073045706962837,
    "precision": 0.8719560094265515,
    "recall": 0.9536082474226805,
    "f1_score": 0.9109560935576528
}